rarity,imageUrl,tcgplayerUrl,tcg_product_id
Ultra Rare,https://tcgplayer-cdn.tcgplayer.com/product/210209_200w.jpg,https://www.tcgplayer.com/product/210209/yugioh-duel-overload-crystron-halqifibrax,210209
Common,https://tcgplayer-cdn.tcgplayer.com/product/139873_200w.jpg,https://www.tcgplayer.com/product/139873/yugioh-ots-tournament-pack-5-snakeyashi,139873
Ultra Rare,https://tcgplayer-cdn.tcgplayer.com/product/92381_200w.jpg,https://www.tcgplayer.com/product/92381/yugioh-duelist-alliance-saffira-queen-of-dragons,92381
Duel Terminal Normal Parallel Rare,https://tcgplayer-cdn.tcgplayer.com/product/81500_200w.jpg,https://www.tcgplayer.com/product/81500/yugioh-duel-terminal-6-gem-knight-amber,81500
Secret Rare,https://tcgplayer-cdn.tcgplayer.com/product/256337_200w.jpg,https://www.tcgplayer.com/product/256337/yugioh-brothers-of-legend-altergeist-pookuery,256337
Secret Rare,https://tcgplayer-cdn.tcgplayer.com/product/256336_200w.jpg,https://www.tcgplayer.com/product/256336/yugioh-brothers-of-legend-altergeist-memorygant,256336
Premium Gold Rare,https://tcgplayer-cdn.tcgplayer.com/product/256127_200w.jpg,https://www.tcgplayer.com/product/256127/yugioh-maximum-gold-el-dorado-ghost-mourner-and-moonlit-chill-alternate-art,256127
Common,https://tcgplayer-cdn.tcgplayer.com/product/241933_200w.jpg,https://www.tcgplayer.com/product/241933/yugioh-egyptian-god-deck-slifer-the-sky-dragon-book-of-moon,241933
Ultra Rare,https://tcgplayer-cdn.tcgplayer.com/product/235750_200w.jpg,https://www.tcgplayer.com/product/235750/yugioh-ghosts-from-the-past-starry-night-starry-dragon,235750
Ultra Rare,https://tcgplayer-cdn.tcgplayer.com/product/235796_200w.jpg,https://www.tcgplayer.com/product/235796/yugioh-ghosts-from-the-past-hieratic-seal-of-the-heavenly-spheres,235796
Premium Gold Rare,https://tcgplayer-cdn.tcgplayer.com/product/227438_200w.jpg,https://www.tcgplayer.com/product/227438/yugioh-maximum-gold-fantastical-dragon-phantazmay-alternate-art,227438
Super Rare,https://tcgplayer-cdn.tcgplayer.com/product/220934_200w.jpg,https://www.tcgplayer.com/product/220934/yugioh-2020-tin-of-lost-memories-unchained-soul-of-anguish,220934
Common,https://tcgplayer-cdn.tcgplayer.com/product/220876_200w.jpg,https://www.tcgplayer.com/product/220876/yugioh-2020-tin-of-lost-memories-unchained-twins-aruha,220876
Super Rare,https://tcgplayer-cdn.tcgplayer.com/product/218889_200w.jpg,https://www.tcgplayer.com/product/218889/yugioh-rise-of-the-duelist-infernoble-knight-ogier,218889
Ultra Rare,https://tcgplayer-cdn.tcgplayer.com/product/218974_200w.jpg,https://www.tcgplayer.com/product/218974/yugioh-rise-of-the-duelist-shaddoll-schism,218974
Super Rare,https://tcgplayer-cdn.tcgplayer.com/product/216647_200w.jpg,https://www.tcgplayer.com/product/216647/yugioh-ots-tournament-pack-13-spyral-gear-drone,216647
Secret Rare,https://tcgplayer-cdn.tcgplayer.com/product/193610_200w.jpg,https://www.tcgplayer.com/product/193610/yugioh-battles-of-legend-heros-revenge-tg-gear-zombie,193610
Common,https://tcgplayer-cdn.tcgplayer.com/product/188948_200w.jpg,https://www.tcgplayer.com/product/188948/yugioh-ots-tournament-pack-10-tg-hyper-librarian,188948
Super Rare,https://tcgplayer-cdn.tcgplayer.com/product/191042_200w.jpg,https://www.tcgplayer.com/product/191042/yugioh-dark-neostorm-shooting-riser-dragon,191042
Ultra Rare,https://tcgplayer-cdn.tcgplayer.com/product/184145_200w.jpg,https://www.tcgplayer.com/product/184145/yugioh-savage-strike-tg-star-guardian,184145
Secret Rare,https://tcgplayer-cdn.tcgplayer.com/product/184156_200w.jpg,https://www.tcgplayer.com/product/184156/yugioh-savage-strike-tg-trident-launcher,184156
Common,https://tcgplayer-cdn.tcgplayer.com/product/181772_200w.jpg,https://www.tcgplayer.com/product/181772/yugioh-ots-tournament-pack-9-tg-striker,181772
Common,https://tcgplayer-cdn.tcgplayer.com/product/179258_200w.jpg,https://www.tcgplayer.com/product/179258/yugioh-structure-deck-zombie-horde-red-eyes-zombie-dragon,179258
Common,https://tcgplayer-cdn.tcgplayer.com/product/179273_200w.jpg,https://www.tcgplayer.com/product/179273/yugioh-structure-deck-zombie-horde-marionette-mite,179273
Ultra Rare,https://tcgplayer-cdn.tcgplayer.com/product/174848_200w.jpg,https://www.tcgplayer.com/product/174848/yugioh-2018-mega-tins-mega-pack-altergeist-primebanshee,174848
Ultra Rare,https://tcgplayer-cdn.tcgplayer.com/product/170766_200w.jpg,https://www.tcgplayer.com/product/170766/yugioh-cybernetic-horizon-sacred-noble-knight-of-king-custennin,170766
Common,https://tcgplayer-cdn.tcgplayer.com/product/165483_200w.jpg,https://www.tcgplayer.com/product/165483/yugioh-structure-deck-lair-of-darkness-fiendish-rhino-warrior,165483
Super Rare,https://tcgplayer-cdn.tcgplayer.com/product/139206_200w.jpg,https://www.tcgplayer.com/product/139206/yugioh-code-of-the-duelist-d-d-d-wave-high-king-caesar,139206
Rare,https://tcgplayer-cdn.tcgplayer.com/product/131162_200w.jpg,https://www.tcgplayer.com/product/131162/yugioh-maximum-crisis-d-d-d-stone-king-darius,131162
Ultra Rare,https://tcgplayer-cdn.tcgplayer.com/product/129669_200w.jpg,https://www.tcgplayer.com/product/129669/yugioh-duelist-saga-m-x-saber-invoker,129669
Ultra Rare,https://tcgplayer-cdn.tcgplayer.com/product/129581_200w.jpg,https://www.tcgplayer.com/product/129581/yugioh-duelist-saga-full-armored-crystalzero-lancer,129581
Gold Rare,https://tcgplayer-cdn.tcgplayer.com/product/115884_200w.jpg,https://www.tcgplayer.com/product/115884/yugioh-premium-gold-infinite-gold-storming-mirror-force,115884
Rare,https://tcgplayer-cdn.tcgplayer.com/product/111190_200w.jpg,https://www.tcgplayer.com/product/111190/yugioh-breakers-of-shadow-fiendish-rhino-warrior,111190
Ultra Rare,https://tcgplayer-cdn.tcgplayer.com/product/107709_200w.jpg,https://www.tcgplayer.com/product/107709/yugioh-dimension-of-chaos-majespecter-tornado,107709
Rare,https://tcgplayer-cdn.tcgplayer.com/product/107659_200w.jpg,https://www.tcgplayer.com/product/107659/yugioh-dimension-of-chaos-majespecter-unicorn-kirin,107659
Ultra Rare,https://tcgplayer-cdn.tcgplayer.com/product/103947_200w.jpg,https://www.tcgplayer.com/product/103947/yugioh-structure-deck-synchron-extreme-jet-warrior,103947
Secret Rare,https://tcgplayer-cdn.tcgplayer.com/product/94040_200w.jpg,https://www.tcgplayer.com/product/94040/yugioh-legendary-collection-5ds-tg-cyber-magician,94040
Common,https://tcgplayer-cdn.tcgplayer.com/product/92554_200w.jpg,https://www.tcgplayer.com/product/92554/yugioh-2014-mega-tins-mega-pack-battlin-boxer-sparrer,92554
Common,https://tcgplayer-cdn.tcgplayer.com/product/71632_200w.jpg,https://www.tcgplayer.com/product/71632/yugioh-legendary-collection-4-joeys-world-amazoness-fighter,71632
Super Rare,https://tcgplayer-cdn.tcgplayer.com/product/78046_200w.jpg,https://www.tcgplayer.com/product/78046/yugioh-astral-pack-3-noble-arms-arfeudutyr,78046
Common,https://tcgplayer-cdn.tcgplayer.com/product/68115_200w.jpg,https://www.tcgplayer.com/product/68115/yugioh-lord-of-the-tachyon-galaxy-battlin-boxer-sparrer,68115
Starfoil Rare,https://tcgplayer-cdn.tcgplayer.com/product/77567_200w.jpg,https://www.tcgplayer.com/product/77567/yugioh-star-pack-2013-gandora-the-dragon-of-destruction-starfoil,77567
Common,https://tcgplayer-cdn.tcgplayer.com/product/67738_200w.jpg,https://www.tcgplayer.com/product/67738/yugioh-structure-deck-onslaught-of-the-fire-kings-flamvell-counter,67738
Duel Terminal Normal Parallel Rare,https://tcgplayer-cdn.tcgplayer.com/product/81591_200w.jpg,https://www.tcgplayer.com/product/81591/yugioh-duel-terminal-7-ehren-lightsworn-monk,81591
Duel Terminal Normal Parallel Rare,https://tcgplayer-cdn.tcgplayer.com/product/81483_200w.jpg,https://www.tcgplayer.com/product/81483/yugioh-duel-terminal-6-elemental-hero-neos-alius,81483
Starfoil Rare,https://tcgplayer-cdn.tcgplayer.com/product/69715_200w.jpg,https://www.tcgplayer.com/product/69715/yugioh-battle-pack-epic-dawn-snowman-eater-starfoil,69715
Rare,https://tcgplayer-cdn.tcgplayer.com/product/40086_200w.jpg,https://www.tcgplayer.com/product/40086/yugioh-extreme-victory-soundproofed,40086
Common,https://tcgplayer-cdn.tcgplayer.com/product/39378_200w.jpg,https://www.tcgplayer.com/product/39378/yugioh-structure-deck-dragunity-legion-legacy-of-yata-garasu,39378
Premium Gold Rare,https://tcgplayer-cdn.tcgplayer.com/product/253948_200w.jpg,https://www.tcgplayer.com/product/253948/yugioh-maximum-gold-el-dorado-book-of-moon,253948
Ultra Rare,https://tcgplayer-cdn.tcgplayer.com/product/252534_200w.jpg,https://www.tcgplayer.com/product/252534/yugioh-burst-of-destiny-rokket-caliber,252534
Ultra Rare,https://tcgplayer-cdn.tcgplayer.com/product/235768_200w.jpg,https://www.tcgplayer.com/product/235768/yugioh-ghosts-from-the-past-resonator-call,235768
Super Rare,https://tcgplayer-cdn.tcgplayer.com/product/232929_200w.jpg,https://www.tcgplayer.com/product/232929/yugioh-ots-tournament-pack-15-proxy-f-magician,232929
Common,https://tcgplayer-cdn.tcgplayer.com/product/227997_200w.jpg,https://www.tcgplayer.com/product/227997/yugioh-speed-duel-battle-city-box-shrink,227997
Common,https://tcgplayer-cdn.tcgplayer.com/product/228094_200w.jpg,https://www.tcgplayer.com/product/228094/yugioh-speed-duel-battle-city-box-hammer-shot,228094
Common,https://tcgplayer-cdn.tcgplayer.com/product/228072_200w.jpg,https://www.tcgplayer.com/product/228072/yugioh-speed-duel-battle-city-box-waboku,228072
Common,https://tcgplayer-cdn.tcgplayer.com/product/217477_200w.jpg,https://www.tcgplayer.com/product/217477/yugioh-legendary-duelists-season-1-parasite-paranoid,217477
Common,https://tcgplayer-cdn.tcgplayer.com/product/216683_200w.jpg,https://www.tcgplayer.com/product/216683/yugioh-ots-tournament-pack-13-gravity-collapse,216683
Ultra Rare,https://tcgplayer-cdn.tcgplayer.com/product/221574_200w.jpg,https://www.tcgplayer.com/product/221574/yugioh-dragons-of-legend-the-complete-series-rank-up-magic-quick-chaos,221574
Common,https://tcgplayer-cdn.tcgplayer.com/product/213950_200w.jpg,https://www.tcgplayer.com/product/213950/yugioh-speed-duel-decks-match-of-the-millennium-gaia-the-fierce-knight,213950
Super Rare,https://tcgplayer-cdn.tcgplayer.com/product/196810_200w.jpg,https://www.tcgplayer.com/product/196810/yugioh-structure-deck-rokket-revolt-absorouter-dragon,196810
Ultra Rare,https://tcgplayer-cdn.tcgplayer.com/product/196857_200w.jpg,https://www.tcgplayer.com/product/196857/yugioh-structure-deck-rokket-revolt-borreload-furious-dragon,196857
Common,https://tcgplayer-cdn.tcgplayer.com/product/188938_200w.jpg,https://www.tcgplayer.com/product/188938/yugioh-ots-tournament-pack-10-super-quantum-red-layer,188938
Ultra Rare,https://tcgplayer-cdn.tcgplayer.com/product/186925_200w.jpg,https://www.tcgplayer.com/product/186925/yugioh-duel-power-predaplant-spider-orchid,186925
Common,https://tcgplayer-cdn.tcgplayer.com/product/179263_200w.jpg,https://www.tcgplayer.com/product/179263/yugioh-structure-deck-zombie-horde-zombie-master,179263
Common,https://tcgplayer-cdn.tcgplayer.com/product/177293_200w.jpg,https://www.tcgplayer.com/product/177293/yugioh-legendary-duelists-white-dragon-abyss-the-melody-of-awakening-dragon,177293
Ultra Rare,https://tcgplayer-cdn.tcgplayer.com/product/174845_200w.jpg,https://www.tcgplayer.com/product/174845/yugioh-2018-mega-tins-mega-pack-altergeist-meluseek,174845
Common,https://tcgplayer-cdn.tcgplayer.com/product/174423_200w.jpg,https://www.tcgplayer.com/product/174423/yugioh-ots-tournament-pack-8-divine-sword-phoenix-blade,174423
Ultra Rare,https://tcgplayer-cdn.tcgplayer.com/product/148295_200w.jpg,https://www.tcgplayer.com/product/148295/yugioh-circuit-break-altergeist-meluseek,148295
Ultra Rare,https://tcgplayer-cdn.tcgplayer.com/product/148293_200w.jpg,https://www.tcgplayer.com/product/148293/yugioh-circuit-break-altergeist-marionetter,148293
Secret Rare,https://tcgplayer-cdn.tcgplayer.com/product/136852_200w.jpg,https://www.tcgplayer.com/product/136852/yugioh-battles-of-legend-lights-revenge-m-x-saber-invoker,136852
Super Rare,https://tcgplayer-cdn.tcgplayer.com/product/129991_200w.jpg,https://www.tcgplayer.com/product/129991/yugioh-ots-tournament-pack-4-retaliating-c,129991
Super Rare,https://tcgplayer-cdn.tcgplayer.com/product/129307_200w.jpg,https://www.tcgplayer.com/product/129307/yugioh-raging-tempest-baobaboon,129307
Super Rare,https://tcgplayer-cdn.tcgplayer.com/product/122945_200w.jpg,https://www.tcgplayer.com/product/122945/yugioh-duelist-pack-rivals-of-the-pharaoh-magnet-reverse,122945
Rare,https://tcgplayer-cdn.tcgplayer.com/product/122426_200w.jpg,https://www.tcgplayer.com/product/122426/yugioh-2016-mega-tins-mega-pack-majespecter-unicorn-kirin,122426
Common,https://tcgplayer-cdn.tcgplayer.com/product/122409_200w.jpg,https://www.tcgplayer.com/product/122409/yugioh-2016-mega-tins-mega-pack-superheavy-samurai-soulclaw,122409
Rare,https://tcgplayer-cdn.tcgplayer.com/product/105240_200w.jpg,https://www.tcgplayer.com/product/105240/yugioh-2015-mega-tins-mega-pack-satellarknight-skybridge,105240
Super Rare,https://tcgplayer-cdn.tcgplayer.com/product/105222_200w.jpg,https://www.tcgplayer.com/product/105222/yugioh-2015-mega-tins-mega-pack-bian-earth-of-the-yang-zing,105222
Common,https://tcgplayer-cdn.tcgplayer.com/product/99836_200w.jpg,https://www.tcgplayer.com/product/99836/yugioh-star-pack-arc-v-raidraptor-rise-falcon-common,99836
Rare,https://tcgplayer-cdn.tcgplayer.com/product/94059_200w.jpg,https://www.tcgplayer.com/product/94059/yugioh-legendary-collection-5ds-fire-ant-ascator,94059
Rare,https://tcgplayer-cdn.tcgplayer.com/product/94060_200w.jpg,https://www.tcgplayer.com/product/94060/yugioh-legendary-collection-5ds-supay,94060
Super Rare,https://tcgplayer-cdn.tcgplayer.com/product/92352_200w.jpg,https://www.tcgplayer.com/product/92352/yugioh-duelist-alliance-bian-earth-of-the-yang-zing,92352
Rare,https://tcgplayer-cdn.tcgplayer.com/product/92399_200w.jpg,https://www.tcgplayer.com/product/92399/yugioh-duelist-alliance-satellarknight-skybridge,92399
Super Rare,https://tcgplayer-cdn.tcgplayer.com/product/92351_200w.jpg,https://www.tcgplayer.com/product/92351/yugioh-duelist-alliance-suanni-fire-of-the-yang-zing,92351
Shatterfoil Rare,https://tcgplayer-cdn.tcgplayer.com/product/92086_200w.jpg,https://www.tcgplayer.com/product/92086/yugioh-battle-pack-3-monster-league-valhalla-hall-of-the-fallen-shatterfoil,92086
Common,https://tcgplayer-cdn.tcgplayer.com/product/79888_200w.jpg,https://www.tcgplayer.com/product/79888/yugioh-star-pack-2014-photon-papilloperative,79888
Common,https://tcgplayer-cdn.tcgplayer.com/product/79878_200w.jpg,https://www.tcgplayer.com/product/79878/yugioh-star-pack-2014-number-c39-utopia-ray,79878
Super Rare,https://tcgplayer-cdn.tcgplayer.com/product/72455_200w.jpg,https://www.tcgplayer.com/product/72455/yugioh-shadow-specters-battlin-boxing-spirits,72455
Mosaic Rare,https://tcgplayer-cdn.tcgplayer.com/product/69604_200w.jpg,https://www.tcgplayer.com/product/69604/yugioh-battle-pack-2-war-of-the-giants-axe-of-fools-mosaic-rare,69604
Common,https://tcgplayer-cdn.tcgplayer.com/product/69219_200w.jpg,https://www.tcgplayer.com/product/69219/yugioh-battle-pack-2-war-of-the-giants-dandylion,69219
Super Rare,https://tcgplayer-cdn.tcgplayer.com/product/78016_200w.jpg,https://www.tcgplayer.com/product/78016/yugioh-astral-pack-2-geargiaccelerator,78016
Common,https://tcgplayer-cdn.tcgplayer.com/product/78028_200w.jpg,https://www.tcgplayer.com/product/78028/yugioh-astral-pack-2-light-and-darkness-dragon,78028
Common,https://tcgplayer-cdn.tcgplayer.com/product/67134_200w.jpg,https://www.tcgplayer.com/product/67134/yugioh-structure-deck-realm-of-the-sea-emperor-snowman-eater,67134
Common,https://tcgplayer-cdn.tcgplayer.com/product/66979_200w.jpg,https://www.tcgplayer.com/product/66979/yugioh-legendary-collection-3-yugis-world-mask-of-restrict,66979
Super Rare,https://tcgplayer-cdn.tcgplayer.com/product/66845_200w.jpg,https://www.tcgplayer.com/product/66845/yugioh-legendary-collection-3-yugis-world-berfomet,66845
Super Rare,https://tcgplayer-cdn.tcgplayer.com/product/66852_200w.jpg,https://www.tcgplayer.com/product/66852/yugioh-legendary-collection-3-yugis-world-chimera-the-flying-mythical-beast,66852
Common,https://tcgplayer-cdn.tcgplayer.com/product/59188_200w.jpg,https://www.tcgplayer.com/product/59188/yugioh-battle-pack-epic-dawn-snowman-eater,59188
Starfoil Rare,https://tcgplayer-cdn.tcgplayer.com/product/69781_200w.jpg,https://www.tcgplayer.com/product/69781/yugioh-battle-pack-epic-dawn-guardian-sphinx-starfoil,69781
Common,https://tcgplayer-cdn.tcgplayer.com/product/59344_200w.jpg,https://www.tcgplayer.com/product/59344/yugioh-battle-pack-epic-dawn-psi-blocker,59344
Common,https://tcgplayer-cdn.tcgplayer.com/product/56786_200w.jpg,https://www.tcgplayer.com/product/56786/yugioh-legendary-collection-2-destiny-hero-dunker,56786
Common,https://tcgplayer-cdn.tcgplayer.com/product/66749_200w.jpg,https://www.tcgplayer.com/product/66749/yugioh-turbo-pack-booster-six-gemini-spark,66749
Common,https://tcgplayer-cdn.tcgplayer.com/product/47559_200w.jpg,https://www.tcgplayer.com/product/47559/yugioh-gold-series-4-pyramids-edition-versago-the-destroyer,47559
Common,https://tcgplayer-cdn.tcgplayer.com/product/47558_200w.jpg,https://www.tcgplayer.com/product/47558/yugioh-gold-series-4-pyramids-edition-beastking-of-the-swamps,47558
Common,https://tcgplayer-cdn.tcgplayer.com/product/47142_200w.jpg,https://www.tcgplayer.com/product/47142/yugioh-structure-deck-lost-sanctuary-soul-of-purity-and-light,47142
Common,https://tcgplayer-cdn.tcgplayer.com/product/39312_200w.jpg,https://www.tcgplayer.com/product/39312/yugioh-storm-of-ragnarok-tyrants-tirade,39312
Super Rare,https://tcgplayer-cdn.tcgplayer.com/product/39319_200w.jpg,https://www.tcgplayer.com/product/39319/yugioh-storm-of-ragnarok-watthydra,39319
Secret Rare,https://tcgplayer-cdn.tcgplayer.com/product/252565_200w.jpg,https://www.tcgplayer.com/product/252565/yugioh-burst-of-destiny-lord-of-the-heavenly-prison,252565
Premium Gold Rare,https://tcgplayer-cdn.tcgplayer.com/product/227443_200w.jpg,https://www.tcgplayer.com/product/227443/yugioh-maximum-gold-parlor-dragonmaid,227443
Secret Rare,https://tcgplayer-cdn.tcgplayer.com/product/131196_200w.jpg,https://www.tcgplayer.com/product/131196/yugioh-maximum-crisis-unending-nightmare,131196
Super Rare,https://tcgplayer-cdn.tcgplayer.com/product/127831_200w.jpg,https://www.tcgplayer.com/product/127831/yugioh-fusion-enforcers-king-of-the-swamp,127831
Secret Rare,https://tcgplayer-cdn.tcgplayer.com/product/58160_200w.jpg,https://www.tcgplayer.com/product/58160/yugioh-2012-premium-collection-tin-void-ogre-dragon,58160
Rare,https://tcgplayer-cdn.tcgplayer.com/product/254446_200w.jpg,https://www.tcgplayer.com/product/254446/yugioh-maximum-gold-el-dorado-cynet-mining,254446
Secret Rare,https://tcgplayer-cdn.tcgplayer.com/product/252551_200w.jpg,https://www.tcgplayer.com/product/252551/yugioh-burst-of-destiny-floowandereeze-and-empen,252551
Ultra Rare,https://tcgplayer-cdn.tcgplayer.com/product/249098_200w.jpg,https://www.tcgplayer.com/product/249098/yugioh-2021-tin-of-ancient-battles-nadir-servant,249098
Ultra Rare,https://tcgplayer-cdn.tcgplayer.com/product/235729_200w.jpg,https://www.tcgplayer.com/product/235729/yugioh-ghosts-from-the-past-sunavalon-dryas,235729
Ultra Rare,https://tcgplayer-cdn.tcgplayer.com/product/194275_200w.jpg,https://www.tcgplayer.com/product/194275/yugioh-the-lost-art-promotion-soul-drain,194275
Ultra Rare,https://tcgplayer-cdn.tcgplayer.com/product/228666_200w.jpg,https://www.tcgplayer.com/product/228666/yugioh-genesis-impact-meteonis-drytron,228666
Ultra Rare,https://tcgplayer-cdn.tcgplayer.com/product/228648_200w.jpg,https://www.tcgplayer.com/product/228648/yugioh-genesis-impact-evil-twins-ki-sikil-and-lil-la,228648
Secret Rare,https://tcgplayer-cdn.tcgplayer.com/product/228137_200w.jpg,https://www.tcgplayer.com/product/228137/yugioh-speed-duel-battle-city-box-the-winged-dragon-of-ra,228137
Premium Gold Rare,https://tcgplayer-cdn.tcgplayer.com/product/227420_200w.jpg,https://www.tcgplayer.com/product/227420/yugioh-maximum-gold-tour-guide-from-the-underworld,227420
Premium Gold Rare,https://tcgplayer-cdn.tcgplayer.com/product/227439_200w.jpg,https://www.tcgplayer.com/product/227439/yugioh-maximum-gold-nibiru-the-primal-being,227439
Secret Rare,https://tcgplayer-cdn.tcgplayer.com/product/213339_200w.jpg,https://www.tcgplayer.com/product/213339/yugioh-eternity-code-gizmek-uka-the-festive-fox-of-fecundity,213339
Ultra Rare,https://tcgplayer-cdn.tcgplayer.com/product/199638_200w.jpg,https://www.tcgplayer.com/product/199638/yugioh-legendary-duelists-immortal-destiny-supay-duskwalker,199638
Secret Rare,https://tcgplayer-cdn.tcgplayer.com/product/173543_200w.jpg,https://www.tcgplayer.com/product/173543/yugioh-shadows-in-valhalla-shaddoll-fusion,173543
Common,https://tcgplayer-cdn.tcgplayer.com/product/147057_200w.jpg,https://www.tcgplayer.com/product/147057/yugioh-legendary-dragon-decks-chimeratech-fortress-dragon,147057
Ultra Rare,https://tcgplayer-cdn.tcgplayer.com/product/147062_200w.jpg,https://www.tcgplayer.com/product/147062/yugioh-legendary-dragon-decks-odd-eyes-arc-pendulum-dragon,147062
Secret Rare,https://tcgplayer-cdn.tcgplayer.com/product/136809_200w.jpg,https://www.tcgplayer.com/product/136809/yugioh-battles-of-legend-lights-revenge-white-aura-whale,136809
Rare,https://tcgplayer-cdn.tcgplayer.com/product/124762_200w.jpg,https://www.tcgplayer.com/product/124762/yugioh-invasion-vengeance-red-eyes-insight,124762
Super Rare,https://tcgplayer-cdn.tcgplayer.com/product/107695_200w.jpg,https://www.tcgplayer.com/product/107695/yugioh-dimension-of-chaos-majestys-pegasus,107695
Super Rare,https://tcgplayer-cdn.tcgplayer.com/product/107697_200w.jpg,https://www.tcgplayer.com/product/107697/yugioh-dimension-of-chaos-majespecter-cyclone,107697
Secret Rare,https://tcgplayer-cdn.tcgplayer.com/product/105229_200w.jpg,https://www.tcgplayer.com/product/105229/yugioh-2015-mega-tins-mega-pack-raiza-the-mega-monarch,105229
Ultra Rare,https://tcgplayer-cdn.tcgplayer.com/product/105393_200w.jpg,https://www.tcgplayer.com/product/105393/yugioh-2015-mega-tins-mega-pack-infernoid-harmadik,105393
Super Rare,https://tcgplayer-cdn.tcgplayer.com/product/102482_200w.jpg,https://www.tcgplayer.com/product/102482/yugioh-clash-of-rebellions-void-imagination,102482
Ultra Rare,https://tcgplayer-cdn.tcgplayer.com/product/98429_200w.jpg,https://www.tcgplayer.com/product/98429/yugioh-crossed-souls-infernoid-pirmais,98429
Super Rare,https://tcgplayer-cdn.tcgplayer.com/product/98463_200w.jpg,https://www.tcgplayer.com/product/98463/yugioh-crossed-souls-void-vanishment,98463
Ultra Rare,https://tcgplayer-cdn.tcgplayer.com/product/95524_200w.jpg,https://www.tcgplayer.com/product/95524/yugioh-secrets-of-eternity-infernoid-harmadik,95524
Rare,https://tcgplayer-cdn.tcgplayer.com/product/254329_200w.jpg,https://www.tcgplayer.com/product/254329/yugioh-maximum-gold-el-dorado-number-41-bagooska-the-terribly-tired-tapir,254329
Secret Rare,https://tcgplayer-cdn.tcgplayer.com/product/245793_200w.jpg,https://www.tcgplayer.com/product/245793/yugioh-dawn-of-majesty-shooting-majestic-star-dragon,245793
Super Rare,https://tcgplayer-cdn.tcgplayer.com/product/245808_200w.jpg,https://www.tcgplayer.com/product/245808/yugioh-dawn-of-majesty-branded-opening,245808
Secret Rare,https://tcgplayer-cdn.tcgplayer.com/product/230285_200w.jpg,https://www.tcgplayer.com/product/230285/yugioh-legendary-duelists-season-2-blackwing-full-armor-master,230285
Ultra Rare,https://tcgplayer-cdn.tcgplayer.com/product/206963_200w.jpg,https://www.tcgplayer.com/product/206963/yugioh-the-lost-art-promotion-super-rejuvenation,206963
Ultra Rare,https://tcgplayer-cdn.tcgplayer.com/product/216501_200w.jpg,https://www.tcgplayer.com/product/216501/yugioh-the-lost-art-promotion-offerings-to-the-doomed,216501
Ultra Rare,https://tcgplayer-cdn.tcgplayer.com/product/228627_200w.jpg,https://www.tcgplayer.com/product/228627/yugioh-genesis-impact-zoroa-the-magistus-of-flame,228627
Secret Rare,https://tcgplayer-cdn.tcgplayer.com/product/227910_200w.jpg,https://www.tcgplayer.com/product/227910/yugioh-speed-duel-battle-city-box-metaverse-secret,227910
Secret Rare,https://tcgplayer-cdn.tcgplayer.com/product/228070_200w.jpg,https://www.tcgplayer.com/product/228070/yugioh-speed-duel-battle-city-box-cosmic-cyclone-secret,228070
Premium Gold Rare,https://tcgplayer-cdn.tcgplayer.com/product/227421_200w.jpg,https://www.tcgplayer.com/product/227421/yugioh-maximum-gold-tour-guide-from-the-underworld-alternate-art,227421
Premium Gold Rare,https://tcgplayer-cdn.tcgplayer.com/product/227419_200w.jpg,https://www.tcgplayer.com/product/227419/yugioh-maximum-gold-droll-and-lock-bird,227419
Super Rare,https://tcgplayer-cdn.tcgplayer.com/product/220688_200w.jpg,https://www.tcgplayer.com/product/220688/yugioh-2020-tin-of-lost-memories-fantastical-dragon-phantazmay,220688
Ultra Rare,https://tcgplayer-cdn.tcgplayer.com/product/220928_200w.jpg,https://www.tcgplayer.com/product/220928/yugioh-2020-tin-of-lost-memories-unchained-soul-of-rage,220928
Ultra Rare,https://tcgplayer-cdn.tcgplayer.com/product/220942_200w.jpg,https://www.tcgplayer.com/product/220942/yugioh-2020-tin-of-lost-memories-abominations-prison,220942
Ultra Rare,https://tcgplayer-cdn.tcgplayer.com/product/218918_200w.jpg,https://www.tcgplayer.com/product/218918/yugioh-rise-of-the-duelist-infernoble-knight-emperor-charles,218918
Common,https://tcgplayer-cdn.tcgplayer.com/product/217434_200w.jpg,https://www.tcgplayer.com/product/217434/yugioh-legendary-duelists-season-1-red-eyes-insight,217434
Ultra Rare,https://tcgplayer-cdn.tcgplayer.com/product/215388_200w.jpg,https://www.tcgplayer.com/product/215388/yugioh-toon-chaos-immortal-phoenix-gearfried,215388
Super Rare,https://tcgplayer-cdn.tcgplayer.com/product/216685_200w.jpg,https://www.tcgplayer.com/product/216685/yugioh-ots-tournament-pack-13-token-generaider,216685
Ultra Rare,https://tcgplayer-cdn.tcgplayer.com/product/221528_200w.jpg,https://www.tcgplayer.com/product/221528/yugioh-dragons-of-legend-the-complete-series-dark-magician-girl-the-dragon-knight,221528
Ultra Rare,https://tcgplayer-cdn.tcgplayer.com/product/213335_200w.jpg,https://www.tcgplayer.com/product/213335/yugioh-eternity-code-loptr-shadow-of-the-generaider-bosses,213335
Ultra Rare,https://tcgplayer-cdn.tcgplayer.com/product/210221_200w.jpg,https://www.tcgplayer.com/product/210221/yugioh-duel-overload-xtra-hero-infernal-devicer,210221
Ultra Rare,https://tcgplayer-cdn.tcgplayer.com/product/210283_200w.jpg,https://www.tcgplayer.com/product/210283/yugioh-duel-overload-fantastical-dragon-phantazmay,210283
Ultra Rare,https://tcgplayer-cdn.tcgplayer.com/product/210265_200w.jpg,https://www.tcgplayer.com/product/210265/yugioh-duel-overload-tour-guide-from-the-underworld,210265
Super Rare,https://tcgplayer-cdn.tcgplayer.com/product/203863_200w.jpg,https://www.tcgplayer.com/product/203863/yugioh-mystic-fighters-parlor-dragonmaid,203863
Secret Rare,https://tcgplayer-cdn.tcgplayer.com/product/200850_200w.jpg,https://www.tcgplayer.com/product/200850/yugioh-chaos-impact-unchained-soul-of-anguish,200850
Secret Rare,https://tcgplayer-cdn.tcgplayer.com/product/200849_200w.jpg,https://www.tcgplayer.com/product/200849/yugioh-chaos-impact-unchained-soul-of-rage,200849
Rare,https://tcgplayer-cdn.tcgplayer.com/product/200814_200w.jpg,https://www.tcgplayer.com/product/200814/yugioh-chaos-impact-unchained-twins-aruha,200814
Ultra Rare,https://tcgplayer-cdn.tcgplayer.com/product/199596_200w.jpg,https://www.tcgplayer.com/product/199596/yugioh-duel-devastator-called-by-the-grave,199596
Ultra Rare,https://tcgplayer-cdn.tcgplayer.com/product/199637_200w.jpg,https://www.tcgplayer.com/product/199637/yugioh-legendary-duelists-immortal-destiny-ascator-dawnwalker,199637
Ultra Rare,https://tcgplayer-cdn.tcgplayer.com/product/197113_200w.jpg,https://www.tcgplayer.com/product/197113/yugioh-2019-gold-sarcophagus-tin-mega-pack-topologic-trisbaena,197113
Ultra Rare,https://tcgplayer-cdn.tcgplayer.com/product/197539_200w.jpg,https://www.tcgplayer.com/product/197539/yugioh-2019-gold-sarcophagus-tin-mega-pack-beat-bladesman-fur-hire,197539
Ultra Rare,https://tcgplayer-cdn.tcgplayer.com/product/197123_200w.jpg,https://www.tcgplayer.com/product/197123/yugioh-2019-gold-sarcophagus-tin-mega-pack-knightmare-gryphon,197123
Prismatic Secret Rare,https://tcgplayer-cdn.tcgplayer.com/product/197516_200w.jpg,https://www.tcgplayer.com/product/197516/yugioh-2019-gold-sarcophagus-tin-mega-pack-heritage-of-the-chalice,197516
Common,https://tcgplayer-cdn.tcgplayer.com/product/196834_200w.jpg,https://www.tcgplayer.com/product/196834/yugioh-structure-deck-rokket-revolt-quick-launch,196834
Secret Rare,https://tcgplayer-cdn.tcgplayer.com/product/193587_200w.jpg,https://www.tcgplayer.com/product/193587/yugioh-battles-of-legend-heros-revenge-five-headed-dragon,193587
Common,https://tcgplayer-cdn.tcgplayer.com/product/188672_200w.jpg,https://www.tcgplayer.com/product/188672/yugioh-structure-deck-order-of-the-spellcasters-droll-and-lock-bird,188672
Super Rare,https://tcgplayer-cdn.tcgplayer.com/product/188932_200w.jpg,https://www.tcgplayer.com/product/188932/yugioh-ots-tournament-pack-10-hiita-the-fire-charmer-ablaze,188932
Ultra Rare,https://tcgplayer-cdn.tcgplayer.com/product/186927_200w.jpg,https://www.tcgplayer.com/product/186927/yugioh-duel-power-security-dragon,186927
Ultra Rare,https://tcgplayer-cdn.tcgplayer.com/product/186885_200w.jpg,https://www.tcgplayer.com/product/186885/yugioh-duel-power-stardust-dragon,186885
Common,https://tcgplayer-cdn.tcgplayer.com/product/184783_200w.jpg,https://www.tcgplayer.com/product/184783/yugioh-structure-deck-soulburner-gozen-match,184783
Ultra Rare,https://tcgplayer-cdn.tcgplayer.com/product/184171_200w.jpg,https://www.tcgplayer.com/product/184171/yugioh-savage-strike-trickstar-divaridis,184171
Super Rare,https://tcgplayer-cdn.tcgplayer.com/product/181769_200w.jpg,https://www.tcgplayer.com/product/181769/yugioh-ots-tournament-pack-9-personal-spoofing,181769
Super Rare,https://tcgplayer-cdn.tcgplayer.com/product/179236_200w.jpg,https://www.tcgplayer.com/product/179236/yugioh-advent-calendar-2018-snowman-eater,179236
Ultra Rare,https://tcgplayer-cdn.tcgplayer.com/product/178130_200w.jpg,https://www.tcgplayer.com/product/178130/yugioh-soul-fusion-heritage-of-the-chalice,178130
Secret Rare,https://tcgplayer-cdn.tcgplayer.com/product/170758_200w.jpg,https://www.tcgplayer.com/product/170758/yugioh-cybernetic-horizon-pinpoint-landing,170758
Secret Rare,https://tcgplayer-cdn.tcgplayer.com/product/169393_200w.jpg,https://www.tcgplayer.com/product/169393/yugioh-battles-of-legend-relentless-revenge-living-fossil,169393
Secret Rare,https://tcgplayer-cdn.tcgplayer.com/product/166344_200w.jpg,https://www.tcgplayer.com/product/166344/yugioh-flames-of-destruction-topologic-trisbaena,166344
Secret Rare,https://tcgplayer-cdn.tcgplayer.com/product/166356_200w.jpg,https://www.tcgplayer.com/product/166356/yugioh-flames-of-destruction-knightmare-gryphon,166356
Common,https://tcgplayer-cdn.tcgplayer.com/product/165485_200w.jpg,https://www.tcgplayer.com/product/165485/yugioh-structure-deck-lair-of-darkness-tour-guide-from-the-underworld,165485
Ultra Rare,https://tcgplayer-cdn.tcgplayer.com/product/161996_200w.jpg,https://www.tcgplayer.com/product/161996/yugioh-legendary-collection-kaiba-ancient-fairy-dragon,161996
Secret Rare,https://tcgplayer-cdn.tcgplayer.com/product/162002_200w.jpg,https://www.tcgplayer.com/product/162002/yugioh-legendary-collection-kaiba-trade-in,162002
Ultra Rare,https://tcgplayer-cdn.tcgplayer.com/product/148406_200w.jpg,https://www.tcgplayer.com/product/148406/yugioh-circuit-break-spyral-double-helix,148406
Secret Rare,https://tcgplayer-cdn.tcgplayer.com/product/141637_200w.jpg,https://www.tcgplayer.com/product/141637/yugioh-2017-mega-tins-mega-pack-starving-venom-fusion-dragon,141637
Ultra Rare,https://tcgplayer-cdn.tcgplayer.com/product/129632_200w.jpg,https://www.tcgplayer.com/product/129632/yugioh-duelist-saga-treeborn-frog,129632
Ultra Rare,https://tcgplayer-cdn.tcgplayer.com/product/129608_200w.jpg,https://www.tcgplayer.com/product/129608/yugioh-duelist-saga-cosmic-blazar-dragon,129608
Ultra Rare,https://tcgplayer-cdn.tcgplayer.com/product/129620_200w.jpg,https://www.tcgplayer.com/product/129620/yugioh-duelist-saga-brain-control,129620
Ultra Rare,https://tcgplayer-cdn.tcgplayer.com/product/129665_200w.jpg,https://www.tcgplayer.com/product/129665/yugioh-duelist-saga-tour-guide-from-the-underworld,129665
Ultra Rare,https://tcgplayer-cdn.tcgplayer.com/product/129648_200w.jpg,https://www.tcgplayer.com/product/129648/yugioh-duelist-saga-junk-synchron,129648
Ultra Rare,https://tcgplayer-cdn.tcgplayer.com/product/129642_200w.jpg,https://www.tcgplayer.com/product/129642/yugioh-duelist-saga-red-eyes-darkness-metal-dragon,129642
Super Rare,https://tcgplayer-cdn.tcgplayer.com/product/127840_200w.jpg,https://www.tcgplayer.com/product/127840/yugioh-fusion-enforcers-polymerization,127840
Ultra Rare,https://tcgplayer-cdn.tcgplayer.com/product/122423_200w.jpg,https://www.tcgplayer.com/product/122423/yugioh-2016-mega-tins-mega-pack-majespecter-raccoon-bunbuku,122423
Secret Rare,https://tcgplayer-cdn.tcgplayer.com/product/207813_200w.jpg,https://www.tcgplayer.com/product/207813/yugioh-the-dark-side-of-dimensions-movie-pack-secret-edition-neo-blue-eyes-ultimate-dragon,207813
Super Rare,https://tcgplayer-cdn.tcgplayer.com/product/121102_200w.jpg,https://www.tcgplayer.com/product/121102/yugioh-ots-tournament-pack-2-fiendish-rhino-warrior,121102
Super Rare,https://tcgplayer-cdn.tcgplayer.com/product/115957_200w.jpg,https://www.tcgplayer.com/product/115957/yugioh-ots-tournament-pack-1-infernoid-patrulea,115957
Gold Secret Rare,https://tcgplayer-cdn.tcgplayer.com/product/115793_200w.jpg,https://www.tcgplayer.com/product/115793/yugioh-premium-gold-infinite-gold-number-35-ravenous-tarantula,115793
Gold Rare,https://tcgplayer-cdn.tcgplayer.com/product/115863_200w.jpg,https://www.tcgplayer.com/product/115863/yugioh-premium-gold-infinite-gold-red-eyes-flare-metal-dragon,115863
Ultra Rare,https://tcgplayer-cdn.tcgplayer.com/product/107656_200w.jpg,https://www.tcgplayer.com/product/107656/yugioh-dimension-of-chaos-majespecter-raccoon-bunbuku,107656
Secret Rare,https://tcgplayer-cdn.tcgplayer.com/product/102484_200w.jpg,https://www.tcgplayer.com/product/102484/yugioh-clash-of-rebellions-mistaken-arrest,102484
Prismatic Secret Rare,https://tcgplayer-cdn.tcgplayer.com/product/97874_200w.jpg,https://www.tcgplayer.com/product/97874/yugioh-world-superstars-elemental-hero-blazeman,97874
Gold Rare,https://tcgplayer-cdn.tcgplayer.com/product/96890_200w.jpg,https://www.tcgplayer.com/product/96890/yugioh-premium-gold-return-of-the-bling-book-of-moon,96890
Platinum Rare,https://tcgplayer-cdn.tcgplayer.com/product/95022_200w.jpg,https://www.tcgplayer.com/product/95022/yugioh-noble-knights-of-the-round-table-box-set-artorigus-king-of-the-noble-knights,95022
Platinum Rare,https://tcgplayer-cdn.tcgplayer.com/product/95021_200w.jpg,https://www.tcgplayer.com/product/95021/yugioh-noble-knights-of-the-round-table-box-set-ignoble-knight-of-high-laundsallyn,95021
Secret Rare,https://tcgplayer-cdn.tcgplayer.com/product/94072_200w.jpg,https://www.tcgplayer.com/product/94072/yugioh-legendary-collection-5ds-trident-dragion,94072
Secret Rare,https://tcgplayer-cdn.tcgplayer.com/product/94044_200w.jpg,https://www.tcgplayer.com/product/94044/yugioh-legendary-collection-5ds-tg-warwolf,94044
Ultra Rare,https://tcgplayer-cdn.tcgplayer.com/product/94041_200w.jpg,https://www.tcgplayer.com/product/94041/yugioh-legendary-collection-5ds-tg-striker,94041
Common,https://tcgplayer-cdn.tcgplayer.com/product/91673_200w.jpg,https://www.tcgplayer.com/product/91673/yugioh-astral-pack-5-skelgon,91673
Gold Secret Rare,https://tcgplayer-cdn.tcgplayer.com/product/81649_200w.jpg,https://www.tcgplayer.com/product/81649/yugioh-premium-gold-blackfeather-darkrage-dragon,81649
Secret Rare,https://tcgplayer-cdn.tcgplayer.com/product/72399_200w.jpg,https://www.tcgplayer.com/product/72399/yugioh-shadow-specters-ignoble-knight-of-high-laundsallyn,72399
Ultra Rare,https://tcgplayer-cdn.tcgplayer.com/product/72394_200w.jpg,https://www.tcgplayer.com/product/72394/yugioh-shadow-specters-sacred-noble-knight-of-king-artorigus,72394
Secret Rare,https://tcgplayer-cdn.tcgplayer.com/product/71816_200w.jpg,https://www.tcgplayer.com/product/71816/yugioh-legendary-collection-4-joeys-world-sillva-warlord-of-dark-world,71816
Common,https://tcgplayer-cdn.tcgplayer.com/product/71794_200w.jpg,https://www.tcgplayer.com/product/71794/yugioh-legendary-collection-4-joeys-world-vampires-curse,71794
Ultra Rare,https://tcgplayer-cdn.tcgplayer.com/product/71721_200w.jpg,https://www.tcgplayer.com/product/71721/yugioh-legendary-collection-4-joeys-world-reinforcement-of-the-army,71721
Secret Rare,https://tcgplayer-cdn.tcgplayer.com/product/70975_200w.jpg,https://www.tcgplayer.com/product/70975/yugioh-2013-collectors-tins-tidal-dragon-ruler-of-waterfalls,70975
Common,https://tcgplayer-cdn.tcgplayer.com/product/67720_200w.jpg,https://www.tcgplayer.com/product/67720/yugioh-structure-deck-onslaught-of-the-fire-kings-volcanic-counter,67720
Ultra Rare,https://tcgplayer-cdn.tcgplayer.com/product/67681_200w.jpg,https://www.tcgplayer.com/product/67681/yugioh-cosmo-blazer-artorigus-king-of-the-noble-knights-ultra-rare,67681
Secret Rare,https://tcgplayer-cdn.tcgplayer.com/product/67679_200w.jpg,https://www.tcgplayer.com/product/67679/yugioh-cosmo-blazer-bonfire-colossus,67679
Super Rare,https://tcgplayer-cdn.tcgplayer.com/product/67085_200w.jpg,https://www.tcgplayer.com/product/67085/yugioh-legendary-collection-3-yugis-world-reckless-greed,67085
Super Rare,https://tcgplayer-cdn.tcgplayer.com/product/67163_200w.jpg,https://www.tcgplayer.com/product/67163/yugioh-2012-collectors-tin-tour-guide-from-the-underworld,67163
Common,https://tcgplayer-cdn.tcgplayer.com/product/59253_200w.jpg,https://www.tcgplayer.com/product/59253/yugioh-battle-pack-epic-dawn-king-tiger-wanghu,59253
Starfoil Rare,https://tcgplayer-cdn.tcgplayer.com/product/69669_200w.jpg,https://www.tcgplayer.com/product/69669/yugioh-battle-pack-epic-dawn-caius-the-shadow-monarch-starfoil,69669
Rare,https://tcgplayer-cdn.tcgplayer.com/product/59147_200w.jpg,https://www.tcgplayer.com/product/59147/yugioh-battle-pack-epic-dawn-tour-guide-from-the-underworld,59147
Starfoil Rare,https://tcgplayer-cdn.tcgplayer.com/product/69780_200w.jpg,https://www.tcgplayer.com/product/69780/yugioh-battle-pack-epic-dawn-king-tiger-wanghu-starfoil,69780
Secret Rare,https://tcgplayer-cdn.tcgplayer.com/product/57789_200w.jpg,https://www.tcgplayer.com/product/57789/yugioh-order-of-chaos-m-x-saber-invoker,57789
Secret Rare,https://tcgplayer-cdn.tcgplayer.com/product/56938_200w.jpg,https://www.tcgplayer.com/product/56938/yugioh-legendary-collection-2-phantom-of-chaos,56938
Secret Rare,https://tcgplayer-cdn.tcgplayer.com/product/56888_200w.jpg,https://www.tcgplayer.com/product/56888/yugioh-legendary-collection-2-great-shogun-shien,56888
Secret Rare,https://tcgplayer-cdn.tcgplayer.com/product/56873_200w.jpg,https://www.tcgplayer.com/product/56873/yugioh-legendary-collection-2-gladiator-beast-equeste,56873
Secret Rare,https://tcgplayer-cdn.tcgplayer.com/product/56985_200w.jpg,https://www.tcgplayer.com/product/56985/yugioh-legendary-collection-2-yubel-terror-incarnate,56985
Secret Rare,https://tcgplayer-cdn.tcgplayer.com/product/56986_200w.jpg,https://www.tcgplayer.com/product/56986/yugioh-legendary-collection-2-yubel-the-ultimate-nightmare,56986
Super Rare,https://tcgplayer-cdn.tcgplayer.com/product/57128_200w.jpg,https://www.tcgplayer.com/product/57128/yugioh-2011-collectors-tins-elemental-hero-gaia,57128
Super Rare,https://tcgplayer-cdn.tcgplayer.com/product/57253_200w.jpg,https://www.tcgplayer.com/product/57253/yugioh-2011-collectors-tins-fossil-dyna-pachycephalo,57253
Rare,https://tcgplayer-cdn.tcgplayer.com/product/66741_200w.jpg,https://www.tcgplayer.com/product/66741/yugioh-turbo-pack-booster-six-armory-arm,66741
Duel Terminal Normal Parallel Rare,https://tcgplayer-cdn.tcgplayer.com/product/81377_200w.jpg,https://www.tcgplayer.com/product/81377/yugioh-duel-terminal-5-trap-stun,81377
Duel Terminal Super Parallel Rare,https://tcgplayer-cdn.tcgplayer.com/product/81419_200w.jpg,https://www.tcgplayer.com/product/81419/yugioh-duel-terminal-5-thought-ruler-archfiend,81419
Super Rare,https://tcgplayer-cdn.tcgplayer.com/product/40026_200w.jpg,https://www.tcgplayer.com/product/40026/yugioh-extreme-victory-reborn-tengu,40026
Ultimate Rare,https://tcgplayer-cdn.tcgplayer.com/product/58408_200w.jpg,https://www.tcgplayer.com/product/58408/yugioh-extreme-victory-tg-blade-blaster-utr,58408
Ultra Rare,https://tcgplayer-cdn.tcgplayer.com/product/81003_200w.jpg,https://www.tcgplayer.com/product/81003/yugioh-extreme-victory-reborn-tengu-exvc-ensp1,81003
Ultra Rare,https://tcgplayer-cdn.tcgplayer.com/product/39456_200w.jpg,https://www.tcgplayer.com/product/39456/yugioh-yu-gi-oh-gx-manga-promotional-cards-elemental-hero-the-shining,39456
Rare,https://tcgplayer-cdn.tcgplayer.com/product/227584_200w.jpg,https://www.tcgplayer.com/product/227584/yugioh-maximum-gold-dimensional-prison,227584
Ultra Rare,https://tcgplayer-cdn.tcgplayer.com/product/218949_200w.jpg,https://www.tcgplayer.com/product/218949/yugioh-rise-of-the-duelist-infernoble-arms-durendal,218949
Ultra Rare,https://tcgplayer-cdn.tcgplayer.com/product/215391_200w.jpg,https://www.tcgplayer.com/product/215391/yugioh-toon-chaos-infernoble-knight-roland,215391
Super Rare,https://tcgplayer-cdn.tcgplayer.com/product/216635_200w.jpg,https://www.tcgplayer.com/product/216635/yugioh-ots-tournament-pack-13-crystal-wing-synchro-dragon,216635
Super Rare,https://tcgplayer-cdn.tcgplayer.com/product/205794_200w.jpg,https://www.tcgplayer.com/product/205794/yugioh-ots-tournament-pack-12-salamangreat-jack-jaguar,205794
Secret Rare,https://tcgplayer-cdn.tcgplayer.com/product/200810_200w.jpg,https://www.tcgplayer.com/product/200810/yugioh-chaos-impact-marincess-blue-tang,200810
Prismatic Secret Rare,https://tcgplayer-cdn.tcgplayer.com/product/197299_200w.jpg,https://www.tcgplayer.com/product/197299/yugioh-2019-gold-sarcophagus-tin-mega-pack-salamangreat-foxy,197299
Super Rare,https://tcgplayer-cdn.tcgplayer.com/product/197553_200w.jpg,https://www.tcgplayer.com/product/197553/yugioh-2019-gold-sarcophagus-tin-mega-pack-sky-striker-maneuver-afterburners,197553
Secret Rare,https://tcgplayer-cdn.tcgplayer.com/product/196923_200w.jpg,https://www.tcgplayer.com/product/196923/yugioh-fists-of-the-gadgets-brotherhood-of-the-fire-fist-panda,196923
Super Rare,https://tcgplayer-cdn.tcgplayer.com/product/188972_200w.jpg,https://www.tcgplayer.com/product/188972/yugioh-speed-duel-tournament-pack-1-dark-magician-girl,188972
Ultra Rare,https://tcgplayer-cdn.tcgplayer.com/product/186958_200w.jpg,https://www.tcgplayer.com/product/186958/yugioh-duel-power-crystal-wing-synchro-dragon,186958
Super Rare,https://tcgplayer-cdn.tcgplayer.com/product/179240_200w.jpg,https://www.tcgplayer.com/product/179240/yugioh-advent-calendar-2018-santa-claws,179240
Secret Rare,https://tcgplayer-cdn.tcgplayer.com/product/174820_200w.jpg,https://www.tcgplayer.com/product/174820/yugioh-2018-mega-tins-mega-pack-quick-launch,174820
Secret Rare,https://tcgplayer-cdn.tcgplayer.com/product/167186_200w.jpg,https://www.tcgplayer.com/product/167186/yugioh-dark-saviors-mayhem-fur-hire,167186
Ultra Rare,https://tcgplayer-cdn.tcgplayer.com/product/161014_200w.jpg,https://www.tcgplayer.com/product/161014/yugioh-legendary-duelists-ancient-millennium-cocoon-of-ultra-evolution,161014
Secret Rare,https://tcgplayer-cdn.tcgplayer.com/product/148356_200w.jpg,https://www.tcgplayer.com/product/148356/yugioh-circuit-break-quick-launch,148356
Ultra Rare,https://tcgplayer-cdn.tcgplayer.com/product/148333_200w.jpg,https://www.tcgplayer.com/product/148333/yugioh-circuit-break-altergeist-primebanshee,148333
Promo,https://tcgplayer-cdn.tcgplayer.com/product/146151_200w.jpg,https://www.tcgplayer.com/product/146151/yugioh-collectors-boxes-dark-magician-oversized,146151
Secret Rare,https://tcgplayer-cdn.tcgplayer.com/product/141385_200w.jpg,https://www.tcgplayer.com/product/141385/yugioh-2017-mega-tins-mega-pack-blue-eyes-twin-burst-dragon,141385
Super Rare,https://tcgplayer-cdn.tcgplayer.com/product/139863_200w.jpg,https://www.tcgplayer.com/product/139863/yugioh-ots-tournament-pack-5-dogoran-the-mad-flame-kaiju,139863
Secret Rare,https://tcgplayer-cdn.tcgplayer.com/product/136851_200w.jpg,https://www.tcgplayer.com/product/136851/yugioh-battles-of-legend-lights-revenge-crystal-wing-synchro-dragon,136851
Ultra Rare,https://tcgplayer-cdn.tcgplayer.com/product/129805_200w.jpg,https://www.tcgplayer.com/product/129805/yugioh-yu-gi-oh-arc-v-promo-cards-odd-eyes-phantom-dragon,129805
Ultra Rare,https://tcgplayer-cdn.tcgplayer.com/product/129653_200w.jpg,https://www.tcgplayer.com/product/129653/yugioh-duelist-saga-deep-sea-diva,129653
Ultra Rare,https://tcgplayer-cdn.tcgplayer.com/product/122950_200w.jpg,https://www.tcgplayer.com/product/122950/yugioh-duelist-pack-rivals-of-the-pharaoh-dark-sanctuary,122950
Rare,https://tcgplayer-cdn.tcgplayer.com/product/122461_200w.jpg,https://www.tcgplayer.com/product/122461/yugioh-2016-mega-tins-mega-pack-gameciel-the-sea-turtle-kaiju,122461
Super Rare,https://tcgplayer-cdn.tcgplayer.com/product/121101_200w.jpg,https://www.tcgplayer.com/product/121101/yugioh-ots-tournament-pack-2-gameciel-the-sea-turtle-kaiju,121101
Super Rare,https://tcgplayer-cdn.tcgplayer.com/product/121107_200w.jpg,https://www.tcgplayer.com/product/121107/yugioh-ots-tournament-pack-2-mask-of-restrict,121107
Super Rare,https://tcgplayer-cdn.tcgplayer.com/product/121106_200w.jpg,https://www.tcgplayer.com/product/121106/yugioh-ots-tournament-pack-2-system-down,121106
Secret Rare,https://tcgplayer-cdn.tcgplayer.com/product/207816_200w.jpg,https://www.tcgplayer.com/product/207816/yugioh-the-dark-side-of-dimensions-movie-pack-secret-edition-blue-eyes-chaos-max-dragon,207816
Ultra Rare,https://tcgplayer-cdn.tcgplayer.com/product/117993_200w.jpg,https://www.tcgplayer.com/product/117993/yugioh-shining-victories-hot-red-dragon-archfiend-king-calamity,117993
Gold Secret Rare,https://tcgplayer-cdn.tcgplayer.com/product/115790_200w.jpg,https://www.tcgplayer.com/product/115790/yugioh-premium-gold-infinite-gold-phantasmal-lord-ultimitl-bishbaalkin,115790
Ultra Rare,https://tcgplayer-cdn.tcgplayer.com/product/111871_200w.jpg,https://www.tcgplayer.com/product/111871/yugioh-wing-raiders-raidraptor-tribute-lanius,111871
Ultra Rare,https://tcgplayer-cdn.tcgplayer.com/product/111880_200w.jpg,https://www.tcgplayer.com/product/111880/yugioh-wing-raiders-super-quantum-red-layer,111880
Super Rare,https://tcgplayer-cdn.tcgplayer.com/product/107653_200w.jpg,https://www.tcgplayer.com/product/107653/yugioh-dimension-of-chaos-evening-twilight-knight,107653
Rare,https://tcgplayer-cdn.tcgplayer.com/product/107725_200w.jpg,https://www.tcgplayer.com/product/107725/yugioh-dimension-of-chaos-gameciel-the-sea-turtle-kaiju,107725
Super Rare,https://tcgplayer-cdn.tcgplayer.com/product/107524_200w.jpg,https://www.tcgplayer.com/product/107524/yugioh-astral-pack-8-graff-malebranche-of-the-burning-abyss,107524
Rare,https://tcgplayer-cdn.tcgplayer.com/product/105285_200w.jpg,https://www.tcgplayer.com/product/105285/yugioh-2015-mega-tins-mega-pack-superheavy-samurai-scales,105285
Ultra Rare,https://tcgplayer-cdn.tcgplayer.com/product/105225_200w.jpg,https://www.tcgplayer.com/product/105225/yugioh-2015-mega-tins-mega-pack-chiwen-light-of-the-yang-zing,105225
Super Rare,https://tcgplayer-cdn.tcgplayer.com/product/103907_200w.jpg,https://www.tcgplayer.com/product/103907/yugioh-structure-deck-synchron-extreme-jet-synchron,103907
Ultra Rare,https://tcgplayer-cdn.tcgplayer.com/product/102479_200w.jpg,https://www.tcgplayer.com/product/102479/yugioh-clash-of-rebellions-cards-of-the-red-stone,102479
Secret Rare,https://tcgplayer-cdn.tcgplayer.com/product/102448_200w.jpg,https://www.tcgplayer.com/product/102448/yugioh-clash-of-rebellions-aromage-jasmine,102448
Gold Secret Rare,https://tcgplayer-cdn.tcgplayer.com/product/96988_200w.jpg,https://www.tcgplayer.com/product/96988/yugioh-premium-gold-return-of-the-bling-santa-claws,96988
Super Rare,https://tcgplayer-cdn.tcgplayer.com/product/95444_200w.jpg,https://www.tcgplayer.com/product/95444/yugioh-astral-pack-6-superheavy-samurai-big-benkei,95444
Platinum Rare,https://tcgplayer-cdn.tcgplayer.com/product/95012_200w.jpg,https://www.tcgplayer.com/product/95012/yugioh-noble-knights-of-the-round-table-box-set-book-of-moon,95012
Ultra Rare,https://tcgplayer-cdn.tcgplayer.com/product/94548_200w.jpg,https://www.tcgplayer.com/product/94548/yugioh-the-new-challengers-jiaotu-darkness-of-the-yang-zing,94548
Secret Rare,https://tcgplayer-cdn.tcgplayer.com/product/94085_200w.jpg,https://www.tcgplayer.com/product/94085/yugioh-legendary-collection-5ds-vulcan-the-divine,94085
Super Rare,https://tcgplayer-cdn.tcgplayer.com/product/94066_200w.jpg,https://www.tcgplayer.com/product/94066/yugioh-legendary-collection-5ds-goyo-guardian,94066
Common,https://tcgplayer-cdn.tcgplayer.com/product/94071_200w.jpg,https://www.tcgplayer.com/product/94071/yugioh-legendary-collection-5ds-power-tool-dragon,94071
Ultra Rare,https://tcgplayer-cdn.tcgplayer.com/product/93892_200w.jpg,https://www.tcgplayer.com/product/93892/yugioh-legendary-collection-5ds-trap-eater,93892
Secret Rare,https://tcgplayer-cdn.tcgplayer.com/product/92780_200w.jpg,https://www.tcgplayer.com/product/92780/yugioh-2014-mega-tins-mega-pack-shared-ride,92780
Ultra Rare,https://tcgplayer-cdn.tcgplayer.com/product/92356_200w.jpg,https://www.tcgplayer.com/product/92356/yugioh-duelist-alliance-chiwen-light-of-the-yang-zing,92356
Ultimate Rare,https://tcgplayer-cdn.tcgplayer.com/product/92380_200w.jpg,https://www.tcgplayer.com/product/92380/yugioh-duelist-alliance-saffira-queen-of-dragons-utr,92380
Common,https://tcgplayer-cdn.tcgplayer.com/product/99935_200w.jpg,https://www.tcgplayer.com/product/99935/yugioh-astral-pack-7-soul-hunter,99935
Gold Rare,https://tcgplayer-cdn.tcgplayer.com/product/81698_200w.jpg,https://www.tcgplayer.com/product/81698/yugioh-premium-gold-caius-the-shadow-monarch,81698
Super Rare,https://tcgplayer-cdn.tcgplayer.com/product/79461_200w.jpg,https://www.tcgplayer.com/product/79461/yugioh-astral-pack-4-consecrated-light,79461
Secret Rare,https://tcgplayer-cdn.tcgplayer.com/product/79038_200w.jpg,https://www.tcgplayer.com/product/79038/yugioh-legacy-of-the-valiant-shared-ride,79038
Ultimate Rare,https://tcgplayer-cdn.tcgplayer.com/product/79197_200w.jpg,https://www.tcgplayer.com/product/79197/yugioh-legacy-of-the-valiant-rank-up-magic-astral-force-utr,79197
Ultra Rare,https://tcgplayer-cdn.tcgplayer.com/product/77973_200w.jpg,https://www.tcgplayer.com/product/77973/yugioh-yu-gi-oh-zexal-manga-promotional-cards-number-47-nightmare-shark,77973
Secret Rare,https://tcgplayer-cdn.tcgplayer.com/product/71687_200w.jpg,https://www.tcgplayer.com/product/71687/yugioh-legendary-collection-4-joeys-world-sabersaurus,71687
Secret Rare,https://tcgplayer-cdn.tcgplayer.com/product/71793_200w.jpg,https://www.tcgplayer.com/product/71793/yugioh-legendary-collection-4-joeys-world-gravekeepers-spy,71793
Common,https://tcgplayer-cdn.tcgplayer.com/product/71691_200w.jpg,https://www.tcgplayer.com/product/71691/yugioh-legendary-collection-4-joeys-world-megazowler,71691
Common,https://tcgplayer-cdn.tcgplayer.com/product/71690_200w.jpg,https://www.tcgplayer.com/product/71690/yugioh-legendary-collection-4-joeys-world-sword-arm-of-dragon,71690
Secret Rare,https://tcgplayer-cdn.tcgplayer.com/product/77325_200w.jpg,https://www.tcgplayer.com/product/77325/yugioh-2013-collectors-tins-tempest-dragon-ruler-of-storms,77325
Secret Rare,https://tcgplayer-cdn.tcgplayer.com/product/77326_200w.jpg,https://www.tcgplayer.com/product/77326/yugioh-2013-collectors-tins-redox-dragon-ruler-of-boulders,77326
Super Rare,https://tcgplayer-cdn.tcgplayer.com/product/70893_200w.jpg,https://www.tcgplayer.com/product/70893/yugioh-judgment-of-the-light-fire-king-avatar-yaksha,70893
Secret Rare,https://tcgplayer-cdn.tcgplayer.com/product/70012_200w.jpg,https://www.tcgplayer.com/product/70012/yugioh-number-hunters-number-49-fortune-tune,70012
Ultimate Rare,https://tcgplayer-cdn.tcgplayer.com/product/68187_200w.jpg,https://www.tcgplayer.com/product/68187/yugioh-lord-of-the-tachyon-galaxy-number-c105-battlin-boxer-comet-cestus-utr,68187
Super Rare,https://tcgplayer-cdn.tcgplayer.com/product/68037_200w.jpg,https://www.tcgplayer.com/product/68037/yugioh-hidden-arsenal-7-knight-of-stars-constellar-sheratan,68037
Super Rare,https://tcgplayer-cdn.tcgplayer.com/product/78022_200w.jpg,https://www.tcgplayer.com/product/78022/yugioh-astral-pack-2-gemini-spark,78022
Super Rare,https://tcgplayer-cdn.tcgplayer.com/product/78017_200w.jpg,https://www.tcgplayer.com/product/78017/yugioh-astral-pack-2-atlantean-heavy-infantry,78017
Starfoil Rare,https://tcgplayer-cdn.tcgplayer.com/product/77534_200w.jpg,https://www.tcgplayer.com/product/77534/yugioh-star-pack-2013-galaxy-eyes-photon-dragon-starfoil,77534
Common,https://tcgplayer-cdn.tcgplayer.com/product/67230_200w.jpg,https://www.tcgplayer.com/product/67230/yugioh-abyss-rising-puny-penguin,67230
Duel Terminal Normal Parallel Rare,https://tcgplayer-cdn.tcgplayer.com/product/81549_200w.jpg,https://www.tcgplayer.com/product/81549/yugioh-duel-terminal-7-constellar-sheratan,81549
Duel Terminal Normal Parallel Rare,https://tcgplayer-cdn.tcgplayer.com/product/81592_200w.jpg,https://www.tcgplayer.com/product/81592/yugioh-duel-terminal-7-infernity-archfiend,81592
Secret Rare,https://tcgplayer-cdn.tcgplayer.com/product/66958_200w.jpg,https://www.tcgplayer.com/product/66958/yugioh-legendary-collection-3-yugis-world-two-headed-king-rex,66958
Ultra Rare,https://tcgplayer-cdn.tcgplayer.com/product/66811_200w.jpg,https://www.tcgplayer.com/product/66811/yugioh-legendary-collection-3-yugis-world-gazelle-the-king-of-mythical-beasts,66811
Ultra Rare,https://tcgplayer-cdn.tcgplayer.com/product/66992_200w.jpg,https://www.tcgplayer.com/product/66992/yugioh-legendary-collection-3-yugis-world-gravekeepers-descendant,66992
Rare,https://tcgplayer-cdn.tcgplayer.com/product/66886_200w.jpg,https://www.tcgplayer.com/product/66886/yugioh-legendary-collection-3-yugis-world-multiply,66886
Common,https://tcgplayer-cdn.tcgplayer.com/product/67079_200w.jpg,https://www.tcgplayer.com/product/67079/yugioh-legendary-collection-3-yugis-world-level-limit-area-b,67079
Rare,https://tcgplayer-cdn.tcgplayer.com/product/59142_200w.jpg,https://www.tcgplayer.com/product/59142/yugioh-battle-pack-epic-dawn-caius-the-shadow-monarch,59142
Starfoil Rare,https://tcgplayer-cdn.tcgplayer.com/product/69683_200w.jpg,https://www.tcgplayer.com/product/69683/yugioh-battle-pack-epic-dawn-raigeki-starfoil,69683
Starfoil Rare,https://tcgplayer-cdn.tcgplayer.com/product/69689_200w.jpg,https://www.tcgplayer.com/product/69689/yugioh-battle-pack-epic-dawn-heavy-storm-starfoil,69689
Starfoil Rare,https://tcgplayer-cdn.tcgplayer.com/product/69672_200w.jpg,https://www.tcgplayer.com/product/69672/yugioh-battle-pack-epic-dawn-obelisk-the-tormentor-starfoil,69672
Secret Rare,https://tcgplayer-cdn.tcgplayer.com/product/59004_200w.jpg,https://www.tcgplayer.com/product/59004/yugioh-galactic-overlord-cardcar-d,59004
Secret Rare,https://tcgplayer-cdn.tcgplayer.com/product/56858_200w.jpg,https://www.tcgplayer.com/product/56858/yugioh-legendary-collection-2-evil-hero-malicious-edge,56858
Ultimate Rare,https://tcgplayer-cdn.tcgplayer.com/product/58397_200w.jpg,https://www.tcgplayer.com/product/58397/yugioh-generation-force-wind-up-zenmaister-utr,58397
Gold Rare,https://tcgplayer-cdn.tcgplayer.com/product/47565_200w.jpg,https://www.tcgplayer.com/product/47565/yugioh-gold-series-4-pyramids-edition-chaos-sorcerer,47565
Duel Terminal Normal Parallel Rare,https://tcgplayer-cdn.tcgplayer.com/product/81372_200w.jpg,https://www.tcgplayer.com/product/81372/yugioh-duel-terminal-5-my-body-as-a-shield,81372
Ultra Rare,https://tcgplayer-cdn.tcgplayer.com/product/131770_200w.jpg,https://www.tcgplayer.com/product/131770/yugioh-duelist-pack-dimensional-guardians-tyrant-red-dragon-archfiend,131770
Common,https://tcgplayer-cdn.tcgplayer.com/product/130008_200w.jpg,https://www.tcgplayer.com/product/130008/yugioh-ots-tournament-pack-4-coach-king-giantrainer,130008
Ultra Rare,https://tcgplayer-cdn.tcgplayer.com/product/121307_200w.jpg,https://www.tcgplayer.com/product/121307/yugioh-the-dark-illusion-tyrant-red-dragon-archfiend,121307
Secret Rare,https://tcgplayer-cdn.tcgplayer.com/product/106039_200w.jpg,https://www.tcgplayer.com/product/106039/yugioh-high-speed-riders-hot-red-dragon-archfiend-bane,106039
Secret Rare,https://tcgplayer-cdn.tcgplayer.com/product/256381_200w.jpg,https://www.tcgplayer.com/product/256381/yugioh-brothers-of-legend-forbidden-droplet,256381
Secret Rare,https://tcgplayer-cdn.tcgplayer.com/product/239453_200w.jpg,https://www.tcgplayer.com/product/239453/yugioh-lightning-overdrive-diviner-of-the-herald,239453
Ultra Rare,https://tcgplayer-cdn.tcgplayer.com/product/228668_200w.jpg,https://www.tcgplayer.com/product/228668/yugioh-genesis-impact-drytron-nova,228668
Premium Gold Rare,https://tcgplayer-cdn.tcgplayer.com/product/227414_200w.jpg,https://www.tcgplayer.com/product/227414/yugioh-maximum-gold-blue-eyes-white-dragon,227414
Secret Rare,https://tcgplayer-cdn.tcgplayer.com/product/213346_200w.jpg,https://www.tcgplayer.com/product/213346/yugioh-eternity-code-ghost-mourner-and-moonlit-chill,213346
Secret Rare,https://tcgplayer-cdn.tcgplayer.com/product/124735_200w.jpg,https://www.tcgplayer.com/product/124735/yugioh-invasion-vengeance-sauravis-the-ancient-and-ascended,124735
Ultimate Rare,https://tcgplayer-cdn.tcgplayer.com/product/102464_200w.jpg,https://www.tcgplayer.com/product/102464/yugioh-clash-of-rebellions-infernoid-tierra-utr,102464
Ultimate Rare,https://tcgplayer-cdn.tcgplayer.com/product/95481_200w.jpg,https://www.tcgplayer.com/product/95481/yugioh-secrets-of-eternity-infernoid-onuncu-utr,95481
Common,https://tcgplayer-cdn.tcgplayer.com/product/78051_200w.jpg,https://www.tcgplayer.com/product/78051/yugioh-astral-pack-3-curtain-of-the-dark-ones,78051
Secret Rare,https://tcgplayer-cdn.tcgplayer.com/product/262300_200w.jpg,https://www.tcgplayer.com/product/262300/yugioh-battle-of-chaos-guardian-chimera,262300
Premium Gold Rare,https://tcgplayer-cdn.tcgplayer.com/product/253929_200w.jpg,https://www.tcgplayer.com/product/253929/yugioh-maximum-gold-el-dorado-chamber-dragonmaid,253929
Ultra Rare,https://tcgplayer-cdn.tcgplayer.com/product/248912_200w.jpg,https://www.tcgplayer.com/product/248912/yugioh-2021-tin-of-ancient-battles-crossout-designator,248912
Ultra Rare,https://tcgplayer-cdn.tcgplayer.com/product/248973_200w.jpg,https://www.tcgplayer.com/product/248973/yugioh-2021-tin-of-ancient-battles-divine-arsenal-aa-zeus-sky-thunder,248973
Secret Rare,https://tcgplayer-cdn.tcgplayer.com/product/231363_200w.jpg,https://www.tcgplayer.com/product/231363/yugioh-blazing-vortex-underworld-goddess-of-the-closed-world,231363
Secret Rare,https://tcgplayer-cdn.tcgplayer.com/product/228064_200w.jpg,https://www.tcgplayer.com/product/228064/yugioh-speed-duel-battle-city-box-nobleman-of-crossout-secret,228064
Ultra Rare,https://tcgplayer-cdn.tcgplayer.com/product/222320_200w.jpg,https://www.tcgplayer.com/product/222320/yugioh-dragons-of-legend-the-complete-series-toon-kingdom-blue,222320
Secret Rare,https://tcgplayer-cdn.tcgplayer.com/product/221737_200w.jpg,https://www.tcgplayer.com/product/221737/yugioh-dragons-of-legend-the-complete-series-cyber-slash-harpie-lady,221737
Ultra Rare,https://tcgplayer-cdn.tcgplayer.com/product/222322_200w.jpg,https://www.tcgplayer.com/product/222322/yugioh-dragons-of-legend-the-complete-series-toon-kingdom-purple,222322
Ultra Rare,https://tcgplayer-cdn.tcgplayer.com/product/206971_200w.jpg,https://www.tcgplayer.com/product/206971/yugioh-legendary-duelists-magical-hero-soul-servant,206971
Secret Rare,https://tcgplayer-cdn.tcgplayer.com/product/200860_200w.jpg,https://www.tcgplayer.com/product/200860/yugioh-chaos-impact-abominations-prison,200860
Secret Rare,https://tcgplayer-cdn.tcgplayer.com/product/193597_200w.jpg,https://www.tcgplayer.com/product/193597/yugioh-battles-of-legend-heros-revenge-vision-hero-faris,193597
Ultra Rare,https://tcgplayer-cdn.tcgplayer.com/product/193652_200w.jpg,https://www.tcgplayer.com/product/193652/yugioh-battles-of-legend-heros-revenge-elemental-hero-absolute-zero,193652
Secret Rare,https://tcgplayer-cdn.tcgplayer.com/product/173435_200w.jpg,https://www.tcgplayer.com/product/173435/yugioh-shadows-in-valhalla-valkyrie-brunhilde,173435
Common,https://tcgplayer-cdn.tcgplayer.com/product/164891_200w.jpg,https://www.tcgplayer.com/product/164891/yugioh-ots-tournament-pack-7-gatling-dragon,164891
Super Rare,https://tcgplayer-cdn.tcgplayer.com/product/154622_200w.jpg,https://www.tcgplayer.com/product/154622/yugioh-ots-tournament-pack-6-black-metal-dragon,154622
Common,https://tcgplayer-cdn.tcgplayer.com/product/139883_200w.jpg,https://www.tcgplayer.com/product/139883/yugioh-ots-tournament-pack-5-elemental-hero-absolute-zero,139883
Ultra Rare,https://tcgplayer-cdn.tcgplayer.com/product/129617_200w.jpg,https://www.tcgplayer.com/product/129617/yugioh-duelist-saga-blue-eyes-white-dragon,129617
Secret Rare,https://tcgplayer-cdn.tcgplayer.com/product/117941_200w.jpg,https://www.tcgplayer.com/product/117941/yugioh-shining-victories-crystal-wing-synchro-dragon,117941
Common,https://tcgplayer-cdn.tcgplayer.com/product/115971_200w.jpg,https://www.tcgplayer.com/product/115971/yugioh-ots-tournament-pack-1-zombie-warrior,115971
Secret Rare,https://tcgplayer-cdn.tcgplayer.com/product/94046_200w.jpg,https://www.tcgplayer.com/product/94046/yugioh-legendary-collection-5ds-tg-hyper-librarian,94046
Ultra Rare,https://tcgplayer-cdn.tcgplayer.com/product/94067_200w.jpg,https://www.tcgplayer.com/product/94067/yugioh-legendary-collection-5ds-magical-android,94067
Secret Rare,https://tcgplayer-cdn.tcgplayer.com/product/93863_200w.jpg,https://www.tcgplayer.com/product/93863/yugioh-legendary-collection-5ds-colossal-fighter,93863
Secret Rare,https://tcgplayer-cdn.tcgplayer.com/product/94061_200w.jpg,https://www.tcgplayer.com/product/94061/yugioh-legendary-collection-5ds-super-nimble-mega-hamster,94061
Ultra Rare,https://tcgplayer-cdn.tcgplayer.com/product/92667_200w.jpg,https://www.tcgplayer.com/product/92667/yugioh-2014-mega-tins-mega-pack-xyz-encore,92667
Secret Rare,https://tcgplayer-cdn.tcgplayer.com/product/71715_200w.jpg,https://www.tcgplayer.com/product/71715/yugioh-legendary-collection-4-joeys-world-book-of-moon,71715
Ultimate Rare,https://tcgplayer-cdn.tcgplayer.com/product/67705_200w.jpg,https://www.tcgplayer.com/product/67705/yugioh-cosmo-blazer-artorigus-king-of-the-noble-knights-utr,67705
Super Rare,https://tcgplayer-cdn.tcgplayer.com/product/67086_200w.jpg,https://www.tcgplayer.com/product/67086/yugioh-legendary-collection-3-yugis-world-raigeki-break,67086
Secret Rare,https://tcgplayer-cdn.tcgplayer.com/product/67070_200w.jpg,https://www.tcgplayer.com/product/67070/yugioh-legendary-collection-3-yugis-world-book-of-moon,67070
Super Rare,https://tcgplayer-cdn.tcgplayer.com/product/251886_200w.jpg,https://www.tcgplayer.com/product/251886/yugioh-advent-calendar-2011-adventskalender-blackwing-kalut-the-moon-shadow-german-schwarzflugel-kalut-der-mondschatten,251886
Super Rare,https://tcgplayer-cdn.tcgplayer.com/product/60104_200w.jpg,https://www.tcgplayer.com/product/60104/yugioh-generation-force-elemental-hero-absolute-zero,60104
Ultimate Rare,https://tcgplayer-cdn.tcgplayer.com/product/58407_200w.jpg,https://www.tcgplayer.com/product/58407/yugioh-extreme-victory-tg-wonder-magician-utr,58407
Ultimate Rare,https://tcgplayer-cdn.tcgplayer.com/product/58409_200w.jpg,https://www.tcgplayer.com/product/58409/yugioh-extreme-victory-tg-halberd-cannon-utr,58409
Collector's Rare,https://tcgplayer-cdn.tcgplayer.com/product/238008_200w.jpg,https://www.tcgplayer.com/product/238008/yugioh-ancient-guardians-aron-the-ogdoadic-king-cr,238008
Ultra Rare,https://tcgplayer-cdn.tcgplayer.com/product/218920_200w.jpg,https://www.tcgplayer.com/product/218920/yugioh-the-lost-art-promotion-harpie-queen,218920
Premium Gold Rare,https://tcgplayer-cdn.tcgplayer.com/product/227427_200w.jpg,https://www.tcgplayer.com/product/227427/yugioh-maximum-gold-ash-blossom-and-joyous-spring,227427
Ultra Rare,https://tcgplayer-cdn.tcgplayer.com/product/199626_200w.jpg,https://www.tcgplayer.com/product/199626/yugioh-legendary-duelists-immortal-destiny-evil-hero-adusted-gold,199626
Ultra Rare,https://tcgplayer-cdn.tcgplayer.com/product/188977_200w.jpg,https://www.tcgplayer.com/product/188977/yugioh-speed-duel-tournament-pack-1-red-eyes-b-dragon,188977
Secret Rare,https://tcgplayer-cdn.tcgplayer.com/product/184126_200w.jpg,https://www.tcgplayer.com/product/184126/yugioh-savage-strike-fantastical-dragon-phantazmay,184126
Secret Rare,https://tcgplayer-cdn.tcgplayer.com/product/167192_200w.jpg,https://www.tcgplayer.com/product/167192/yugioh-dark-saviors-sky-striker-maneuver-afterburners,167192
Ultra Rare,https://tcgplayer-cdn.tcgplayer.com/product/162003_200w.jpg,https://www.tcgplayer.com/product/162003/yugioh-legendary-collection-kaiba-droll-and-lock-bird,162003
Super Rare,https://tcgplayer-cdn.tcgplayer.com/product/123747_200w.jpg,https://www.tcgplayer.com/product/123747/yugioh-the-dark-illusion-spyral-gear-big-red-super-rare,123747
Super Rare,https://tcgplayer-cdn.tcgplayer.com/product/115956_200w.jpg,https://www.tcgplayer.com/product/115956/yugioh-ots-tournament-pack-1-droll-and-lock-bird,115956
Secret Rare,https://tcgplayer-cdn.tcgplayer.com/product/106032_200w.jpg,https://www.tcgplayer.com/product/106032/yugioh-high-speed-riders-psy-framelord-omega,106032
Secret Rare,https://tcgplayer-cdn.tcgplayer.com/product/102456_200w.jpg,https://www.tcgplayer.com/product/102456/yugioh-clash-of-rebellions-archfiend-eccentrick,102456
Ultra Rare,https://tcgplayer-cdn.tcgplayer.com/product/93865_200w.jpg,https://www.tcgplayer.com/product/93865/yugioh-legendary-collection-5ds-stardust-dragon-ultra-rare,93865
Gold Rare,https://tcgplayer-cdn.tcgplayer.com/product/81708_200w.jpg,https://www.tcgplayer.com/product/81708/yugioh-premium-gold-stardust-dragon,81708
Secret Rare,https://tcgplayer-cdn.tcgplayer.com/product/71594_200w.jpg,https://www.tcgplayer.com/product/71594/yugioh-legendary-collection-4-joeys-world-red-eyes-darkness-metal-dragon,71594
Common,https://tcgplayer-cdn.tcgplayer.com/product/71765_200w.jpg,https://www.tcgplayer.com/product/71765/yugioh-legendary-collection-4-joeys-world-gatling-dragon,71765
Ultra Rare,https://tcgplayer-cdn.tcgplayer.com/product/70886_200w.jpg,https://www.tcgplayer.com/product/70886/yugioh-judgment-of-the-light-xyz-encore,70886
Ultra Rare,https://tcgplayer-cdn.tcgplayer.com/product/71056_200w.jpg,https://www.tcgplayer.com/product/71056/yugioh-yu-gi-oh-zexal-manga-promotional-cards-number-22-zombiestein,71056
Secret Rare,https://tcgplayer-cdn.tcgplayer.com/product/68051_200w.jpg,https://www.tcgplayer.com/product/68051/yugioh-hidden-arsenal-7-knight-of-stars-lavalval-chain,68051
Ultimate Rare,https://tcgplayer-cdn.tcgplayer.com/product/67700_200w.jpg,https://www.tcgplayer.com/product/67700/yugioh-cosmo-blazer-brotherhood-of-the-fire-fist-tiger-king-utr,67700
Ultimate Rare,https://tcgplayer-cdn.tcgplayer.com/product/67274_200w.jpg,https://www.tcgplayer.com/product/67274/yugioh-abyss-rising-abyss-sphere-utr,67274
Duel Terminal Super Parallel Rare,https://tcgplayer-cdn.tcgplayer.com/product/81570_200w.jpg,https://www.tcgplayer.com/product/81570/yugioh-duel-terminal-7-evilswarm-nightmare,81570
Secret Rare,https://tcgplayer-cdn.tcgplayer.com/product/66971_200w.jpg,https://www.tcgplayer.com/product/66971/yugioh-legendary-collection-3-yugis-world-machina-force,66971
Secret Rare,https://tcgplayer-cdn.tcgplayer.com/product/66874_200w.jpg,https://www.tcgplayer.com/product/66874/yugioh-legendary-collection-3-yugis-world-brain-control,66874
Super Rare,https://tcgplayer-cdn.tcgplayer.com/product/58163_200w.jpg,https://www.tcgplayer.com/product/58163/yugioh-hidden-arsenal-5-steelswarm-invasion-brionac-dragon-of-the-ice-barrier,58163
Secret Rare,https://tcgplayer-cdn.tcgplayer.com/product/57975_200w.jpg,https://www.tcgplayer.com/product/57975/yugioh-ra-yellow-mega-pack-destiny-hero-malicious,57975
Secret Rare,https://tcgplayer-cdn.tcgplayer.com/product/57346_200w.jpg,https://www.tcgplayer.com/product/57346/yugioh-photon-shockwave-evolzar-dolkka,57346
Ultra Rare,https://tcgplayer-cdn.tcgplayer.com/product/56793_200w.jpg,https://www.tcgplayer.com/product/56793/yugioh-legendary-collection-2-dimensional-prison,56793
Duel Terminal Normal Parallel Rare,https://tcgplayer-cdn.tcgplayer.com/product/81418_200w.jpg,https://www.tcgplayer.com/product/81418/yugioh-duel-terminal-5-magical-android,81418
Secret Rare,https://tcgplayer-cdn.tcgplayer.com/product/40031_200w.jpg,https://www.tcgplayer.com/product/40031/yugioh-extreme-victory-mystic-piper,40031
Ultimate Rare,https://tcgplayer-cdn.tcgplayer.com/product/58419_200w.jpg,https://www.tcgplayer.com/product/58419/yugioh-storm-of-ragnarok-karakuri-steel-shogun-mdl-00x-bureido-utr,58419
Secret Rare,https://tcgplayer-cdn.tcgplayer.com/product/70020_200w.jpg,https://www.tcgplayer.com/product/70020/yugioh-number-hunters-coach-king-giantrainer,70020
Secret Rare,https://tcgplayer-cdn.tcgplayer.com/product/228092_200w.jpg,https://www.tcgplayer.com/product/228092/yugioh-speed-duel-battle-city-box-reinforcement-of-the-army-secret,228092
Secret Rare,https://tcgplayer-cdn.tcgplayer.com/product/57965_200w.jpg,https://www.tcgplayer.com/product/57965/yugioh-ra-yellow-mega-pack-e-emergency-call,57965
Secret Rare,https://tcgplayer-cdn.tcgplayer.com/product/56984_200w.jpg,https://www.tcgplayer.com/product/56984/yugioh-legendary-collection-2-yubel,56984
Collector's Rare,https://tcgplayer-cdn.tcgplayer.com/product/238319_200w.jpg,https://www.tcgplayer.com/product/238319/yugioh-ancient-guardians-amunessia-the-ogdoadic-queen-cr,238319
Secret Rare,https://tcgplayer-cdn.tcgplayer.com/product/200820_200w.jpg,https://www.tcgplayer.com/product/200820/yugioh-chaos-impact-starliege-seyfert,200820
Ultimate Rare,https://tcgplayer-cdn.tcgplayer.com/product/67207_200w.jpg,https://www.tcgplayer.com/product/67207/yugioh-abyss-rising-mermail-abysslinde-utr,67207
Ultra Rare,https://tcgplayer-cdn.tcgplayer.com/product/66753_200w.jpg,https://www.tcgplayer.com/product/66753/yugioh-turbo-pack-booster-seven-book-of-moon,66753
Secret Rare,https://tcgplayer-cdn.tcgplayer.com/product/256357_200w.jpg,https://www.tcgplayer.com/product/256357/yugioh-brothers-of-legend-magicians-souls,256357
Super Rare,https://tcgplayer-cdn.tcgplayer.com/product/66713_200w.jpg,https://www.tcgplayer.com/product/66713/yugioh-turbo-pack-booster-five-snowman-eater,66713
Ultra Pharaohs Rare,https://tcgplayer-cdn.tcgplayer.com/product/243518_200w.jpg,https://www.tcgplayer.com/product/243518/yugioh-kings-court-obelisk-the-tormentor-ultra-pharaohs-rare,243518
Collector's Rare,https://tcgplayer-cdn.tcgplayer.com/product/238043_200w.jpg,https://www.tcgplayer.com/product/238043/yugioh-ancient-guardians-ursarctic-septentrion-cr,238043
Collector's Rare,https://tcgplayer-cdn.tcgplayer.com/product/238041_200w.jpg,https://www.tcgplayer.com/product/238041/yugioh-ancient-guardians-ursarctic-polari-cr,238041
Collector's Rare,https://tcgplayer-cdn.tcgplayer.com/product/238176_200w.jpg,https://www.tcgplayer.com/product/238176/yugioh-ancient-guardians-ogdoabyss-the-ogdoadic-overlord-cr,238176
Ultimate Rare,https://tcgplayer-cdn.tcgplayer.com/product/58388_200w.jpg,https://www.tcgplayer.com/product/58388/yugioh-photon-shockwave-evolzar-laggia-utr,58388
Ultimate Rare,https://tcgplayer-cdn.tcgplayer.com/product/216623_200w.jpg,https://www.tcgplayer.com/product/216623/yugioh-ots-tournament-pack-13-abyss-dweller-utr,216623
Secret Rare,https://tcgplayer-cdn.tcgplayer.com/product/231378_200w.jpg,https://www.tcgplayer.com/product/231378/yugioh-blazing-vortex-pot-of-prosperity,231378
Secret Rare,https://tcgplayer-cdn.tcgplayer.com/product/217996_200w.jpg,https://www.tcgplayer.com/product/217996/yugioh-battles-of-legend-armageddon-chaos-emperor-the-dragon-of-armageddon,217996
Ultimate Rare,https://tcgplayer-cdn.tcgplayer.com/product/196995_200w.jpg,https://www.tcgplayer.com/product/196995/yugioh-ots-tournament-pack-11-dingirsu-the-orcust-of-the-evening-star-utr,196995
Secret Rare,https://tcgplayer-cdn.tcgplayer.com/product/169415_200w.jpg,https://www.tcgplayer.com/product/169415/yugioh-battles-of-legend-relentless-revenge-number-90-galaxy-eyes-photon-lord,169415
Ultra Rare,https://tcgplayer-cdn.tcgplayer.com/product/158233_200w.jpg,https://www.tcgplayer.com/product/158233/yugioh-the-lost-art-promotion-monster-reborn,158233
Starlight Rare,https://tcgplayer-cdn.tcgplayer.com/product/246277_200w.jpg,https://www.tcgplayer.com/product/246277/yugioh-dawn-of-majesty-antihuman-intelligence-me-psy-ya-starlight-rare,246277
Ultra Pharaohs Rare,https://tcgplayer-cdn.tcgplayer.com/product/243521_200w.jpg,https://www.tcgplayer.com/product/243521/yugioh-kings-court-the-winged-dragon-of-ra-ultra-pharaohs-rare,243521
Collector's Rare,https://tcgplayer-cdn.tcgplayer.com/product/215689_200w.jpg,https://www.tcgplayer.com/product/215689/yugioh-toon-chaos-immortal-phoenix-gearfried-cr,215689
Starlight Rare,https://tcgplayer-cdn.tcgplayer.com/product/207979_200w.jpg,https://www.tcgplayer.com/product/207979/yugioh-ignition-assault-time-thief-perpetua-starlight-rare,207979
Ultimate Rare,https://tcgplayer-cdn.tcgplayer.com/product/115954_200w.jpg,https://www.tcgplayer.com/product/115954/yugioh-ots-tournament-pack-1-vanitys-fiend-utr,115954
Ultimate Rare,https://tcgplayer-cdn.tcgplayer.com/product/107681_200w.jpg,https://www.tcgplayer.com/product/107681/yugioh-dimension-of-chaos-scarlight-red-dragon-archfiend-utr,107681
Secret Rare,https://tcgplayer-cdn.tcgplayer.com/product/98432_200w.jpg,https://www.tcgplayer.com/product/98432/yugioh-crossed-souls-ghost-ogre-and-snow-rabbit,98432
Ultimate Rare,https://tcgplayer-cdn.tcgplayer.com/product/78037_200w.jpg,https://www.tcgplayer.com/product/78037/yugioh-astral-pack-3-atlantean-marksman-utr,78037
Ultimate Rare,https://tcgplayer-cdn.tcgplayer.com/product/77988_200w.jpg,https://www.tcgplayer.com/product/77988/yugioh-astral-pack-1-debris-dragon-utr,77988
Duel Terminal Ultra Parallel Rare,https://tcgplayer-cdn.tcgplayer.com/product/81569_200w.jpg,https://www.tcgplayer.com/product/81569/yugioh-duel-terminal-7-constellar-pleiades,81569
Ultimate Rare,https://tcgplayer-cdn.tcgplayer.com/product/216618_200w.jpg,https://www.tcgplayer.com/product/216618/yugioh-ots-tournament-pack-13-book-of-moon-utr,216618
Ultimate Rare,https://tcgplayer-cdn.tcgplayer.com/product/66710_200w.jpg,https://www.tcgplayer.com/product/66710/yugioh-turbo-pack-booster-five-colossal-fighter-utr,66710
Ultimate Rare,https://tcgplayer-cdn.tcgplayer.com/product/164861_200w.jpg,https://www.tcgplayer.com/product/164861/yugioh-ots-tournament-pack-7-herald-of-orange-light-utr,164861
Ultimate Rare,https://tcgplayer-cdn.tcgplayer.com/product/66752_200w.jpg,https://www.tcgplayer.com/product/66752/yugioh-turbo-pack-booster-seven-ally-of-justice-catastor-utr,66752
Super Rare,https://tcgplayer-cdn.tcgplayer.com/product/131353_200w.jpg,https://www.tcgplayer.com/product/131353/yugioh-world-championship-2011-card-pack-metalzoa,131353
Starlight Rare,https://tcgplayer-cdn.tcgplayer.com/product/200948_200w.jpg,https://www.tcgplayer.com/product/200948/yugioh-chaos-impact-ip-masquerena-starlight-rare,200948
Starlight Rare,https://tcgplayer-cdn.tcgplayer.com/product/194846_200w.jpg,https://www.tcgplayer.com/product/194846/yugioh-rising-rampage-wynn-the-wind-charmer-verdant-starlight-rare,194846
Ghost Rare,https://tcgplayer-cdn.tcgplayer.com/product/235732_200w.jpg,https://www.tcgplayer.com/product/235732/yugioh-ghosts-from-the-past-crystal-wing-synchro-dragon-ghost-rare,235732
Starlight Rare,https://tcgplayer-cdn.tcgplayer.com/product/201100_200w.jpg,https://www.tcgplayer.com/product/201100/yugioh-chaos-impact-unchained-twins-aruha-starlight-rare,201100
Parallel Rare,https://tcgplayer-cdn.tcgplayer.com/product/196883_200w.jpg,https://www.tcgplayer.com/product/196883/yugioh-world-championship-jpp-cards-red-eyes-b-dragon,196883
Starlight Rare,https://tcgplayer-cdn.tcgplayer.com/product/252652_200w.jpg,https://www.tcgplayer.com/product/252652/yugioh-burst-of-destiny-elemental-hero-stratos-starlight-rare,252652
Starlight Rare,https://tcgplayer-cdn.tcgplayer.com/product/246279_200w.jpg,https://www.tcgplayer.com/product/246279/yugioh-dawn-of-majesty-shooting-majestic-star-dragon-starlight-rare,246279
Ultimate Rare,https://tcgplayer-cdn.tcgplayer.com/product/139860_200w.jpg,https://www.tcgplayer.com/product/139860/yugioh-ots-tournament-pack-5-ghost-ogre-and-snow-rabbit-utr,139860
Ultimate Rare,https://tcgplayer-cdn.tcgplayer.com/product/79456_200w.jpg,https://www.tcgplayer.com/product/79456/yugioh-astral-pack-4-dandylion-utr,79456
